node,hubs,authorities,pagerank
0,0.2,0.2,0.1892489078409377
1,0.2,0.2,0.19549291763232898
2,0.2,0.2,0.20080032595501157
3,0.2,0.2,0.20531162302929176
4,0.2,0.2,0.20914622554242993
