node,hubs,authorities,pagerank
0,0.2,0.2,0.19999999999999998
1,0.2,0.2,0.19999999999999998
2,0.2,0.2,0.19999999999999998
3,0.2,0.2,0.19999999999999998
4,0.2,0.2,0.19999999999999998
