node,hubs,authorities,pagerank
0,0.23214285714285712,0.14999999999999997,0.2830586421235414
1,0.07142857142857144,0.16666666666666666,0.144663040321799
2,0.125,0.19999999999999998,0.1475074946373341
3,0.17857142857142858,0.15,0.12445313602876913
4,0.1785714285714286,0.18333333333333335,0.17254342647702126
5,0.14285714285714288,0.06666666666666667,0.058159884688450084
6,0.07142857142857144,0.08333333333333333,0.06961437572308511
