node,hubs,authorities,pagerank
0,0.2,0.2,0.15251975745956792
1,0.30000000000000004,0.30000000000000004,0.33542530745364113
2,0.30000000000000004,0.30000000000000004,0.3331659479662777
3,0.2,0.2,0.17888898712051332
