node,hubs,authorities,pagerank
0,0.2,0.2,0.13028169014084506
1,0.30000000000000004,0.30000000000000004,0.36971830985915494
2,0.30000000000000004,0.30000000000000004,0.36971830985915494
3,0.2,0.2,0.13028169014084506
