node,hubs,authorities,pagerank
0,0.2727272727272727,0.19512195121951217,0.319425568420721
1,0.1818181818181818,0.12195121951219512,0.09162244649808936
2,0.1818181818181818,0.17073170731707318,0.13056198625977736
3,0.1818181818181818,0.17073170731707318,0.14711129065849474
4,0.1818181818181818,0.17073170731707318,0.15414474502794961
5,0.0,0.17073170731707318,0.15713396313496794
