node,hubs,authorities,pagerank
0,0.2,0.0,0.005681818181818181
1,0.2,0.2,0.19886363636363635
2,0.2,0.2,0.19886363636363635
3,0.2,0.2,0.19886363636363635
4,0.2,0.2,0.19886363636363635
5,0.0,0.2,0.19886363636363635
