node,hubs,authorities,pagerank
0,0.2,0.0,0.06071611200885575
1,0.2,0.2,0.11232480721638316
2,0.2,0.2,0.15619219814278143
3,0.2,0.2,0.19347948043021995
4,0.2,0.2,0.22517367037454272
5,0.0,0.2,0.252113731827217
